model_short_name,condition,placement,n,location,patch_size_ratio,patch_size_px,threshold,rank1_acc,correct_accept_rate,false_reject_rate,misid_rate,misaccept_rate,avg_top1_sim,avg_true_sim,avg_similarity_drop,run_tag,patch_mae_rgb_0_1,patch_rmse_rgb_0_1,patch_linf_rgb_0_1,patch_linf_rgb_255,patch_psnr_visible,visible_alpha_ratio
adaface_ir101_wf12m,normal_mascot_sticker,landmark_relative,614,nose_bridge,0.35,39,0.16163350641727448,0.990228013029316,0.990228013029316,0.0,0.009771986970684038,0.009771986970684038,0.4551100432872772,0.4548095762729645,0.04381835106335556,run_20260615_145730,0.0,0.0,0.0,0.0,inf,0.5154503583908081
adaface_ir101_wf12m,free_form_adversarial_patch,landmark_relative,614,nose_bridge,0.35,39,0.16163350641727448,0.4837133550488599,0.4820846905537459,0.0749185667752443,0.5162866449511401,0.44299674267100975,0.26656970381736755,0.20480577647686005,0.29382212721463596,run_20260615_145730,0.4357655324074,0.507353318240282,0.9960784316062927,254.00000005960464,5.893789897323778,0.5154503583908081
adaface_ir101_wf12m,mascot_preserving_constrained_patch,landmark_relative,614,nose_bridge,0.35,39,0.16163350641727448,0.9723127035830619,0.9690553745928339,0.004885993485342019,0.02768729641693811,0.026058631921824105,0.405244916677475,0.4042501747608185,0.09437773967653222,run_20260615_145730,0.09207451748971004,0.11564248162023619,0.17500001192092896,44.62500303983688,18.73765194389984,0.5154503583908081
