condition,patch_mae_rgb_0_1,patch_rmse_rgb_0_1,patch_linf_rgb_0_1,patch_linf_rgb_255,patch_psnr_visible,visible_alpha_ratio
normal_mascot_sticker,0.0,0.0,0.0,0.0,inf,0.5154503583908081
free_form_adversarial_patch,0.4357655324074,0.507353318240282,0.9960784316062927,254.00000005960464,5.893789897323778,0.5154503583908081
mascot_preserving_constrained_patch,0.09207451748971004,0.11564248162023619,0.17500001192092896,44.62500303983688,18.73765194389984,0.5154503583908081
