{
  "target_far": 0.01,
  "actual_far": 0.010360547036883548,
  "threshold": 0.16687588393688202
}