{
  "target_far": 0.01,
  "actual_far": 0.010004657063480592,
  "threshold": 0.16999836266040802
}