model_short_name,condition,placement,n,location,patch_size_ratio,threshold,rank1_acc,correct_accept_rate,false_reject_rate,misid_rate,misaccept_rate,avg_top1_sim,avg_true_sim,avg_similarity_drop
adaface_ir101_wf4m,no_sticker_eval_subset,landmark_relative,613,nose_bridge,0.3,0.19376549124717712,1.0,1.0,0.0,0.0,0.0,0.5065348148345947,0.5065348148345947,4.3755448856322646e-10
adaface_ir101_wf4m,normal_mascot_sticker,landmark_relative,613,nose_bridge,0.3,0.19376549124717712,0.9951060358890701,0.9934747145187602,0.0016313213703099511,0.004893964110929853,0.004893964110929853,0.4824776351451874,0.4821997284889221,0.02433499445923001
adaface_ir101_wf4m,adversarial_mascot_sticker,landmark_relative,613,nose_bridge,0.3,0.19376549124717712,0.8515497553017944,0.8417618270799347,0.01957585644371941,0.14845024469820556,0.13866231647634583,0.36072275042533875,0.34850671887397766,0.1580280802724655
