base_probe_row,true_identity,adv_top1_identity,adv_top1_similarity,adv_true_similarity,adv_misaccept
21,Edmund Stoiber,Peter Struck,0.2014320194721222,0.1933477520942688,True
28,Edmund Stoiber,Binyamin Ben-Eliezer,0.21899396181106567,0.14315026998519897,True
40,Tung Chee-hwa,Victoria Clarke,0.2471429407596588,0.06860958784818649,True
57,Lleyton Hewitt,Victoria Clarke,0.2859203815460205,0.27392059564590454,True
59,Lleyton Hewitt,Victoria Clarke,0.3245466947555542,0.30596745014190674,True
65,Ben Affleck,Rubens Barrichello,0.23797640204429626,0.18255899846553802,True
