model_short_name,condition,placement,n,location,patch_size_ratio,threshold,rank1_acc,correct_accept_rate,false_reject_rate,misid_rate,misaccept_rate,avg_top1_sim,avg_true_sim,avg_similarity_drop
arcface_ir101_wf4m,no_sticker_eval_subset,landmark_relative,606,nose_bridge,0.3,0.17001239955425262,1.0,1.0,0.0,0.0,0.0,0.47086986899375916,0.47086986899375916,-6.906663623973481e-07
arcface_ir101_wf4m,normal_mascot_sticker,landmark_relative,606,nose_bridge,0.3,0.17001239955425262,0.9917491749174917,0.9917491749174917,0.0016501650165016502,0.00825082508250825,0.006600660066006601,0.44937798380851746,0.4490857422351837,0.02178343590779273
arcface_ir101_wf4m,adversarial_mascot_sticker,landmark_relative,606,nose_bridge,0.3,0.17001239955425262,0.6023102310231023,0.5808580858085809,0.16831683168316833,0.3976897689768977,0.2508250825082508,0.26168185472488403,0.2214604765176773,0.24940872372038933
