model_short_name,condition,placement,n,location,patch_size_ratio,threshold,rank1_acc,correct_accept_rate,false_reject_rate,misid_rate,misaccept_rate,avg_top1_sim,avg_true_sim,avg_similarity_drop
adaface_ir101_wf12m,no_sticker_eval_subset,landmark_relative,614,nose_bridge,0.3,0.16163350641727448,1.0,1.0,0.0,0.0,0.0,0.49862828850746155,0.49862828850746155,-4.0878690415174255e-07
adaface_ir101_wf12m,normal_mascot_sticker,landmark_relative,614,nose_bridge,0.3,0.16163350641727448,0.995114006514658,0.995114006514658,0.0,0.004885993485342019,0.004885993485342019,0.466622531414032,0.4665200412273407,0.03210783859029267
adaface_ir101_wf12m,adversarial_mascot_sticker,landmark_relative,614,nose_bridge,0.3,0.16163350641727448,0.6742671009771987,0.6677524429967426,0.08631921824104234,0.3257328990228013,0.24592833876221498,0.2969842851161957,0.2699178159236908,0.22871009611937215
