model_short_name,condition,placement,n,location,patch_size_ratio,threshold,rank1_acc,correct_accept_rate,false_reject_rate,misid_rate,misaccept_rate,avg_top1_sim,avg_true_sim,avg_similarity_drop
adaface_ir101_wf12m,no_sticker_eval_subset,landmark_relative,614,nose_bridge,0.3,0.16162678599357605,1.0,1.0,0.0,0.0,0.0,0.49862992763519287,0.49862992763519287,-1.5046775146881999e-09
adaface_ir101_wf12m,normal_mascot_sticker,landmark_relative,614,nose_bridge,0.3,0.16162678599357605,0.995114006514658,0.995114006514658,0.0,0.004885993485342019,0.004885993485342019,0.4667893350124359,0.4666867256164551,0.031943216143291236
adaface_ir101_wf12m,adversarial_mascot_sticker,landmark_relative,614,nose_bridge,0.3,0.16162678599357605,0.5928338762214984,0.5863192182410424,0.13843648208469056,0.40716612377850164,0.2752442996742671,0.2776298522949219,0.24265962839126587,0.2559703125547108
