base_probe_row,true_identity,adv_top1_identity,adv_top1_similarity,adv_true_similarity,adv_misaccept
9,Ciro Gomes,Victoria Clarke,0.21240466833114624,0.1384587585926056,True
21,Edmund Stoiber,Joe Lieberman,0.16704776883125305,0.1513570100069046,True
23,Edmund Stoiber,Jason Kidd,0.21816790103912354,0.19724439084529877,True
24,Edmund Stoiber,Jason Kidd,0.1670992374420166,0.12673664093017578,True
26,Edmund Stoiber,Ian Thorpe,0.16637006402015686,0.11588533222675323,True
28,Edmund Stoiber,Carla Del Ponte,0.1712765246629715,0.09239578247070312,True
