model_short_name,condition,placement,n,location,patch_size_ratio,patch_size_px,threshold,rank1_acc,correct_accept_rate,false_reject_rate,misid_rate,misaccept_rate,avg_top1_sim,avg_true_sim,avg_similarity_drop,run_tag,patch_mae_rgb_0_1,patch_rmse_rgb_0_1,patch_linf_rgb_0_1,patch_linf_rgb_255,patch_psnr_visible,visible_alpha_ratio
adaface_ir101_wf12m,normal_mascot_sticker,landmark_relative,614,nose_bridge,0.35,39,0.16163350641727448,0.990228013029316,0.990228013029316,0.0,0.009771986970684038,0.009771986970684038,0.4551100432872772,0.4548095762729645,0.04381835106335556,run_20260615_152115,0.0,0.0,0.0,0.0,inf,0.5154503583908081
adaface_ir101_wf12m,free_form_adversarial_patch,landmark_relative,614,nose_bridge,0.35,39,0.16163350641727448,0.4788273615635179,0.4723127035830619,0.06840390879478828,0.5211726384364821,0.4592833876221498,0.2698228657245636,0.20458705723285675,0.2940408432907774,run_20260615_152115,0.4344656808017242,0.5047733792260758,1.0,255.0,5.9380711402575646,0.5154503583908081
adaface_ir101_wf12m,mascot_preserving_constrained_patch,landmark_relative,614,nose_bridge,0.35,39,0.16163350641727448,0.9625407166123778,0.9592833876221498,0.006514657980456026,0.03745928338762215,0.03420195439739414,0.390147864818573,0.3883441984653473,0.11028375463250793,run_20260615_152115,0.11998548961770043,0.15590330313282558,0.2500000298023224,63.75000759959221,16.142893665798244,0.5154503583908081
