condition,patch_mae_rgb_0_1,patch_rmse_rgb_0_1,patch_linf_rgb_0_1,patch_linf_rgb_255,patch_psnr_visible,visible_alpha_ratio
normal_mascot_sticker,0.0,0.0,0.0,0.0,inf,0.5154503583908081
free_form_adversarial_patch,0.4344656808017242,0.5047733792260758,1.0,255.0,5.9380711402575646,0.5154503583908081
mascot_preserving_constrained_patch,0.11998548961770043,0.15590330313282558,0.2500000298023224,63.75000759959221,16.142893665798244,0.5154503583908081
