model_short_name,condition,placement,n,location,patch_size_ratio,threshold,rank1_acc,correct_accept_rate,false_reject_rate,misid_rate,misaccept_rate,avg_top1_sim,avg_true_sim,avg_similarity_drop
adaface_ir50_wf4m,no_sticker_eval_subset,landmark_relative,558,nose_bridge,0.3,0.26099666953086853,1.0,1.0,0.0,0.0,0.0,0.48250332474708557,0.48250332474708557,-3.952279313063536e-08
adaface_ir50_wf4m,normal_mascot_sticker,landmark_relative,558,nose_bridge,0.3,0.26099666953086853,0.9731182795698925,0.9659498207885304,0.014336917562724014,0.026881720430107527,0.01971326164874552,0.461567759513855,0.4608202278614044,0.02168295583203702
adaface_ir50_wf4m,adversarial_mascot_sticker,landmark_relative,558,nose_bridge,0.3,0.26099666953086853,0.6379928315412187,0.6254480286738351,0.1057347670250896,0.36200716845878134,0.26881720430107525,0.3441745340824127,0.3171919286251068,0.16531129961826682
